Date,AAPL,MSFT,NVDA,AMZN,GOOGL,META,TSLA,JPM,XOM,JNJ,VFIAX,VTSAX,VBTLX,VIMAX,VSMAX,VGSLX,VTIAX,GLD,SLV,USO,TLT,BND,BTC-USD,ETH-USD
2020-01-31,,,,,,,,,,,,,,,,,,,,,,,,
2020-02-29,-0.1147015255196443,-0.04568822925006133,0.14296656679590547,-0.06221372013363058,-0.06527872747639407,-0.046753523520066786,0.02677646887053875,-0.1227713933208906,-0.1600370777269089,-0.09090078953701053,-0.08237689894139899,-0.08162739140248898,0.017155483069608568,-0.08754332639826268,-0.08667698550872704,-0.07076310444596612,-0.06717445198252192,-0.006361728631845698,-0.07669441053854364,-0.12822881215466697,0.06626494565063346,0.016674962372854374,-0.08031850219040493,0.22029474606412802
2020-03-31,-0.06976139649967195,-0.026541645126101243,-0.02395692387799675,0.035020571318223226,-0.13238753942866144,-0.13337143009639485,-0.2155570713684315,-0.22461471091067764,-0.2618584975194621,-0.024910798260041833,-0.12390303331280428,-0.13764473437448965,-0.005768206207710569,-0.18430404048693838,-0.21869336810428186,-0.19310557475833945,-0.16067734443361037,-0.002224031676743232,-0.15969089406815185,-0.5544973414687977,0.06376655472069315,-0.014285899095260346,-0.25127763815543147,-0.3923380856957722
2020-04-30,0.1553738338790509,0.13632614930250586,0.1088011874833652,0.2689001176660717,0.159000089175374,0.22727810405936988,0.492137319488021,0.07469833640006729,0.22386115356401648,0.14420790573175624,0.12818568558436172,0.1325897186104974,0.017019620324414175,0.14403056236008926,0.14644728888223169,0.08859753590387509,0.08026620159801645,0.07261060302877431,0.07126431708113978,-0.43230401823080955,0.012189448280113035,0.02759526471750684,0.34477896223547644,0.553982393067973
2020-05-31,0.08509417920567763,0.02539131441810749,0.21465737677198327,-0.012784941240091774,0.06446864510845907,0.09955547168433587,0.06793886833783369,0.01618637347276164,-0.0025471339253826386,-0.0017251632067178946,0.04763326164267756,0.05374969361999904,0.005482704859200327,0.07128336038267546,0.07743229127244433,0.017426783709091787,0.048440219127042106,0.02588161543682088,0.19170246015237513,0.3535563820510921,-0.017618772992887166,0.006687042095901985,0.09268347920493625,0.11258875882296215
2020-06-30,0.1473862041082976,0.11055916138685729,0.07059682059568795,0.12956672853391127,-0.010791604714722736,0.008796556203450212,0.2931856328270819,-0.03339849440628839,-0.016494406146343454,-0.0545881857952375,0.019764799383470644,0.02278043184686096,0.007103720548752079,0.019438027113438228,0.025351901753322137,0.024145624272670085,0.042819677729332595,0.02737702630176453,0.021008426451101903,0.08423494497173722,0.0033662023367060367,0.006711464532053624,-0.034146858566219795,-0.020178336529868335
2020-07-31,0.16513168781436582,0.007370749378542429,0.11760697481033011,0.1471136218500213,0.049292986673867834,0.11714442470834996,0.3250108843981532,0.037441333548349,-0.05903415080742358,0.03647871240882972,0.05638084731068993,0.05651704333628316,0.015594320626559854,0.06474182339192436,0.04506501292564047,0.035746359779539105,0.040754482465313435,0.10790463097013703,0.3315696245595634,0.035994306774941975,0.044351523401208626,0.014539131232419455,0.23916341296986676,0.5268747244093426
2020-08-31,0.21656946560146184,0.10275215407849703,0.2599922358190552,0.09046103369298208,0.09515117312795729,0.15583248136170602,0.7414521252787116,0.03673391548141902,-0.03213110701565258,0.059488626551406076,0.07408491369313763,0.07173878594936922,-0.010189494181121028,0.031466634832553186,0.04065682750239352,0.004856119865542574,0.04314738412114316,-0.0032356731296194763,0.15805739443709332,0.05194359287009842,-0.0504651887855847,-0.009417278647574023,0.03155866679660524,0.259076483677003
2020-09-30,-0.10252645486857037,-0.06739714768043104,0.011966554153018727,-0.08757859185260553,-0.10059973103589703,-0.10675312632110079,-0.13908741409927106,-0.03912539177696439,-0.14046035693469017,-0.029528874035963493,-0.03999903217033152,-0.03556580317523961,0.0008599912112285946,-0.01710460086837917,-0.0272283565169531,-0.0263911721294684,-0.019271646821507393,-0.0417140433776253,-0.17499047779993038,-0.07488551386174047,0.007734086704346499,-0.0009855043088061732,-0.07673511599209437,-0.17270828515420789
2020-10-31,-0.06001195611386945,-0.03736977368150818,-0.07364837289440418,-0.03575408533520552,0.1026951820664248,0.004619901288496653,-0.09549891131606025,0.0278354892097068,-0.049810686787937986,-0.07905699873400462,-0.026620074597081045,-0.021461246602341832,-0.006025756947357075,-0.0009166280939901794,0.020086430396346833,-0.03081734221891741,-0.022468240702434916,-0.0051942084141127776,0.01617377039470491,-0.10745849477363567,-0.03385237855687406,-0.005563488682116646,0.27785306210931693,0.07404740740640259
2020-11-30,0.09549319199989603,0.06006083486575453,0.06921144483837138,0.043439868865324804,0.08556965678958339,0.05267769218755691,0.4627358021475634,0.20236642899259305,0.19711665265300704,0.0625431715671434,0.109459302960778,0.12198114808187466,0.011191123741949083,0.1345166600932206,0.16019195122131014,0.09686633704282555,0.12987976035344273,-0.05408625961608993,-0.04274672777815214,0.22653462627146514,0.016639020286220996,0.012135079816420813,0.4241232777902142,0.590423966544446
2020-12-31,0.11457391996531285,0.03900570396418446,-0.025567337952775437,0.028058383014484267,-0.001003123107469972,-0.013755894586225503,0.24325228028976542,0.07796077820974623,0.08103859914765477,0.08778020510449047,0.03844949044700763,0.044615915488891655,0.0015567897788966167,0.04118440165359294,0.07394651207319702,0.027659386497623117,0.05832048486398134,0.07013861264675048,0.16722093042010067,0.06587016640000543,-0.01227655193210897,0.0015260680201707455,0.477731740726012,0.19998759130319121
2021-01-31,-0.0055017007395944395,0.04289197139125944,-0.004998156414713462,-0.01557601223652838,0.04263283528267814,-0.05429056304477364,0.12450585757436827,0.019883768049900885,0.08782140541605221,0.03653595534903786,-0.010127894515591818,-0.003272283682703492,-0.007830886249821423,-0.005226273369050571,0.021990869112166855,0.00016607685225622504,-0.001232349657720122,-0.03223816988295236,0.017094020411502875,0.06573771869073486,-0.03632798165453632,-0.008617837087625424,0.14180671257315614,0.78229891023216
2021-02-28,-0.07971210155095776,0.004117924211642254,0.05579411813213686,-0.03532841376742368,0.10646511783760015,-0.0027482883175065087,-0.14874045049393914,0.1437786648061945,0.23312483522802774,-0.02257027992310634,0.027633778667473186,0.0318756580155628,-0.01501652872843462,0.05249783548102793,0.06140455701688796,0.03372103089618883,0.023133979265623106,-0.06256881416817583,-0.01320527918081249,0.17424675994711047,-0.05732946212519363,-0.015477571029466008,0.36308750593940786,0.07685460400671462
2021-03-31,0.007339499678401529,0.014588275579522136,-0.026369367666153387,0.00037178414851712915,0.020084887046811994,0.14327295858398603,-0.011206569460841198,0.034382056670395844,0.026853117569827445,0.037170067140097185,0.0437947848346949,0.03477770419645454,-0.013689643798950546,0.02370460133279484,0.016073669894800302,0.05131099749997836,0.017198636556766678,-0.011433105943016053,-0.07948090416060338,-0.018881688890440285,-0.052452617726782114,-0.012713514512879942,0.30531110958991947,0.3547286344036904
2021-04-30,0.07621766229309013,0.06960156578432919,0.12445440009993214,0.12066273709568343,0.14107987473490669,0.1037244940795814,0.06214724771921731,0.01632982407488126,0.02525509682661009,-0.00985672403984561,0.0533419858278783,0.051343548730819366,0.009608225964624184,0.04820641288763472,0.0404020406487291,0.07963723878594964,0.027926059231949463,0.035633887903232075,0.0577092256349665,0.06760428721913558,0.024951215520220726,0.008659350748349892,-0.019835020649767054,0.44561190417800023
2021-05-31,-0.05049697759257066,-0.007627511150949506,0.08228118254162542,-0.07047025525869377,0.001423438551644951,0.011228012809577637,-0.11871335524117277,0.06781124575974973,0.03459705150900061,0.046555146157274185,0.006938511004169978,0.004353571749888152,0.002497697255382514,0.00814654242345303,0.0006565736374364306,0.007832011966707242,0.03150299581113014,0.07678377966625938,0.07871717499506481,0.04968795212471222,2.1408672425504705e-05,0.0015388017675954657,-0.3535455959448175,-0.021008788054218575
2021-06-30,0.09910910925044747,0.08498906500972137,0.23162237280857467,0.06735498737093981,0.036039583950612686,0.05773735302491567,0.08713734718910104,-0.052971613818392216,0.0806922051635317,-0.026647090717089483,0.023316202225994287,0.02544243754023623,0.007742526790331272,0.018052138168681786,0.01432809388737466,0.026168569996594337,-0.004988900486246561,-0.07147662098325525,-0.0648648776030799,0.09819469570607176,0.044191499273194434,0.008975483263798267,-0.06139416614323989,-0.1622123668754838
2021-07-31,0.06498262924608289,0.05171655478623394,-0.025171973329140784,-0.032722282722282725,0.10350595520050043,0.02470445716934333,0.01103427987887895,-0.018550383401454207,-0.08734941607253166,0.045283619272078024,0.023723249085269682,0.01714443672789967,0.01220706656938253,0.012825129120486833,-0.014359988537441026,0.04465065816360658,-0.012769527371684575,0.025297363508325565,-0.02436004002124703,0.015637505264519236,0.03716623569481392,0.011683783020149274,0.18793385485283132,0.11503929513799482
2021-08-31,0.042489441437600695,0.06159090658508126,0.14820983461519766,0.043034169499993835,0.07400933053087,0.06477698753402228,0.07060538379906944,0.053827848063363826,-0.03864509537840821,0.011375001039438004,0.030364281514484448,0.028636239433510235,-0.0019237388480578543,0.030196575488792954,0.019738613569943775,0.021504186227877753,0.017246220666206735,-0.0007655451490135023,-0.06305543055591989,-0.05171731029956972,-0.00340157349361081,-0.0018933431419183577,0.1331010952575873,0.3538834398183497
2021-09-30,-0.06803672726199317,-0.06611870755000626,-0.07455888385259257,-0.05351810876292584,-0.07616923557510225,-0.10540872891562747,0.05404233150359361,0.023382389027367,0.07887006605444147,-0.06717477159943963,-0.046612525995939236,-0.044815379922851784,-0.009040992851529706,-0.04152727473507689,-0.031083621394865202,-0.05657525708015998,-0.034183262078291476,-0.03223525924924131,-0.07317068548078631,0.09408826751921917,-0.029070239936913933,-0.010135886097886071,-0.07157155076344934,-0.1258262517678288
2021-10-31,0.05865715552669459,0.17629092296341153,0.2341668668068433,0.02660245759664326,0.1074987760073971,-0.04661327069365828,0.436529595729082,0.04413057170473844,0.09605586854796644,0.00854491022340853,0.07003986724501154,0.06726518286583838,-0.0001733672894995708,0.06605755216575604,0.04912275781259745,0.07061200749997831,0.026470580036997537,0.014797178527087285,0.0765107046686353,0.08732876774467435,0.024650356207104096,0.0007030009991928488,0.4002672858735883,0.4285585776905292
2021-11-30,0.10508181730235155,-0.0012821880434866761,0.27805377808170073,0.039923701306487036,-0.041531003778417785,0.002750617289583479,0.02761218887377903,-0.06510106449572806,-0.059342364117626833,-0.036399002772303235,-0.006980268847750604,-0.01482451220773151,0.003386157667874423,-0.02514378529180139,-0.043276932385696854,-0.021812138489491262,-0.04412605557104188,-0.006900653696985448,-0.0466274639896207,-0.16167981507896723,0.0277149053228698,0.0020408237472762103,-0.07034580264960633,0.08008368503853802
2021-12-31,0.07422872990479124,0.017332813016812443,-0.09981021899688891,-0.04925196878828486,0.020821266797106386,0.03664561246382525,-0.07685451947850863,-0.0030220805480188906,0.022560210119625834,0.09709469459381159,0.044741774742613316,0.03819760651474424,-0.003986814215259926,0.03895814128965047,0.03489381863274277,0.09713940224520479,0.040506559597020875,0.032990977123064535,0.02136755813632285,0.1346274427777494,-0.02013791611818716,-0.003103004208635407,-0.18768354629620299,-0.20486893940488138
2022-01-31,-0.01571218465773072,-0.07534515230239236,-0.1674543733266256,-0.10282991021845667,-0.06591901779292297,-0.06864873762081991,-0.11360931817914044,-0.05594736958698243,0.24137938018761518,0.00713166090474715,-0.0517927144523368,-0.06030955040759933,-0.021625208958735875,-0.07861526198728452,-0.07908104564770968,-0.08169466879920706,-0.028362497926082142,-0.016787612677039987,-0.03300794905933846,0.14937451877692776,-0.03913925603062074,-0.020649198563946425,-0.16894668246945244,-0.27001171567556326
2022-02-28,-0.0540656210002618,-0.03721195901112917,-0.004124661787255568,0.026672518265588474,-0.0018216936987091037,-0.32634243294389054,-0.0707681586632628,-0.045760471049869356,0.043830272053822394,-0.038676609787817395,-0.029948576496396928,-0.02552739003487392,-0.011239329791509323,-0.00990832874172809,0.00861751760828633,-0.036924270297813755,-0.029491603687268997,0.061217257237826006,0.08750008023702471,0.0800256698356292,-0.01633015260327042,-0.011379791185716637,0.1223941500332939,0.08589970747939146
2022-03-31,0.05747287751275665,0.031861724215588305,0.11915711106422622,0.061437285030015776,0.029694908334436443,0.05368910265169102,0.2380088093327557,-0.03864597857890695,0.053175347682389074,0.0769279949951649,0.037023476566625746,0.03248689791970394,-0.028075209957254432,0.026914181796337866,0.014780847364084027,0.063200706297603,-0.003987086292578712,0.0127255799503041,0.011494178244337183,0.0983995118454033,-0.05444386039169902,-0.027521573853382386,0.05430112933630005,0.12415781888640076
2022-04-30,-0.09713047948663156,-0.0998668181845157,-0.32027411734288425,-0.2375250931362105,-0.17946697834547676,-0.0984439782871942,-0.19194510982164714,-0.11792298889277153,0.032207291444040775,0.01822487703886133,-0.08723948603754816,-0.09016244203288548,-0.03834401135468668,-0.08048475137180044,-0.0823517438730843,-0.041856318399033365,-0.06298709239998446,-0.020702963524693363,-0.08041950667526199,0.041014581798130445,-0.09423845701669153,-0.03972675217489274,-0.17180562778839858,-0.16804268000951372
2022-05-31,-0.05449619624435309,-0.018077213426201832,0.006739747739045399,-0.03276431760316645,-0.0030453101623525436,-0.034069889896241934,-0.12919748573786138,0.10782509576378829,0.13763461864943372,0.0012393195223259212,0.0017815590521130797,-0.0026784785152537127,0.005868726976302696,-0.003174777315769206,-0.00032091900241970617,-0.046198970510063275,0.014642201646878794,-0.03261547766106776,-0.05703425431193121,0.10769825251673115,-0.022532959283205867,0.008297194933181817,-0.15703524015723236,-0.2885732119152148
2022-06-30,-0.08142954652332601,-0.05532074873206627,-0.18797102781128716,-0.11645921262241288,-0.04218453945804734,-0.16726917251601248,-0.11188774122303669,-0.14837790061005263,-0.10791670932349073,-0.011251888545243949,-0.08264150688277105,-0.0836062113204189,-0.014968627079879226,-0.09402005084840048,-0.09389300052286431,-0.07484503924581665,-0.08344132184767872,-0.01565965107712486,-0.06048390895717448,-0.05990409118353712,-0.012745951707132774,-0.01662017154407236,-0.37768830820493093,-0.45050535928269975
2022-07-31,0.18863367778112683,0.0930969814424405,0.19816610546563407,0.27059597129750057,0.06751832431163596,-0.013333306629525477,0.32376526434081954,0.033482266354856405,0.13183084794115807,-0.01684400632621441,0.09216583409018608,0.0939307717518203,0.023214767664243352,0.09610508090308212,0.10568687759241757,0.0866329997242894,0.03655441485767397,-0.0258815174913124,0.003218957899984609,-0.028624710218308924,0.024310344615073642,0.023817807323692763,0.17954101668545608,0.5754887850279162
2022-08-31,-0.031208132138737965,-0.06666333329446894,-0.16897004296045548,-0.06061504624052039,-0.06963546892112638,0.024072766843382887,-0.07248867234513756,-0.014129558467891434,-0.00424254871590235,-0.06930989434699342,-0.04080511866696168,-0.03735455420661504,-0.027573523501132735,-0.029699906462525183,-0.02603925242221683,-0.060329315201983924,-0.040502739775650665,-0.02943328245830701,-0.11336902421067896,-0.06329278985588704,-0.04553091524206132,-0.027975108711577046,-0.14085561097213029,-0.07602205155865815
2022-09-30,-0.12097710870685008,-0.10926683904153933,-0.19553421253375092,-0.10862189009783763,-0.11615225026241549,-0.16724960305392222,-0.03758929611475259,-0.08115709879870192,-0.08661983023589725,0.012520137973949907,-0.09214886992295446,-0.0927751300277494,-0.04175123645951051,-0.09875321605972887,-0.095714365844069,-0.12850840699720023,-0.10022423919013357,-0.028881810636775418,0.05548854526703173,-0.10709891623152368,-0.08235104731299248,-0.04183003488361925,-0.030822039575552185,-0.14527160141821982
2022-10-31,0.10955119938907987,-0.003306075220847249,0.11187097097992416,-0.09345130582826322,-0.011918433799239292,-0.31338444549048483,-0.14216779156971604,0.21537057329545517,0.2691557403246192,0.06494858895014444,0.0809178254976195,0.08166320714139963,-0.013742689419474874,0.08520512626386578,0.09915738526970497,0.034941029889177244,0.03416004193867006,-0.017844407703562548,0.006857190813337022,0.09574142335894376,-0.05964426458320726,-0.011577207642385345,0.05475483351418764,0.184292000561459
2022-11-30,-0.03302735383774036,0.10222303280957545,0.25415491730068895,-0.05759470309709913,0.06856414878279637,0.2677114141604813,-0.14432626046795272,0.09771221637266692,0.01287182636043882,0.029768894193217932,0.05584439883886794,0.05230835965770764,0.03703369382840971,0.0614586653475222,0.04432856131499219,0.061994916695877755,0.1337004451263324,0.0849186596373046,0.15947782815569034,-0.018174128960554925,0.07151069402378529,0.03665913227654927,-0.16233625149087516,-0.17614505548377224
2022-12-31,-0.12227254246831176,-0.06004545202349143,-0.1364415430004582,-0.1298943525647971,-0.1263490639226017,0.018966964998473612,-0.3673343490707852,-0.029526737398817393,-0.009340626901384819,-0.007584303793596314,-0.05770545447045983,-0.058628303515170455,-0.0059642520489430195,-0.05352764488726902,-0.059269424654038394,-0.05080221137084917,-0.02198407232479549,0.02930648566594085,0.07782673171008603,-0.0017087105346148546,-0.026200688412216233,-0.00806062479860159,-0.03617484988577191,-0.07634346593989738
2023-01-31,0.11052122388851138,0.03331666110562992,0.336868887731014,0.22773806254069018,0.12025367387967956,0.23790924544490522,0.4062347847991097,0.05140800207814067,0.05176789802698156,-0.07489370284170982,0.06280548809463338,0.06895808555509597,0.03197821590881711,0.07953397399857831,0.10131912843650848,0.104218251123392,0.08435004927958656,0.05759257431981046,-0.008628543601625016,-0.01126802037726271,0.07643672236298915,0.03312950039634455,0.398355562196792,0.32567975152872064
2023-02-28,0.023182907642176342,0.009017808446577735,0.1883093186638518,-0.08629878923214462,-0.08883038695975287,0.17433033133475373,0.18756497670132144,0.02422144677366611,-0.045291436308777744,-0.05542577502661561,-0.024445433895286417,-0.02331182363666784,-0.025402635672681972,-0.02700391955516246,-0.02281880448359974,-0.058659250631248994,-0.04137695703472699,-0.05367596391642193,-0.11956026658146068,-0.03043855481305069,-0.048505613780213674,-0.026660095198240086,0.00034877106732977836,0.012202527095311444
2023-03-31,0.11864874528823477,0.15588164434774177,0.19666231873568973,0.0961476943206232,0.1517878031337132,0.21150125131894182,0.008507121398494633,-0.09096639456644995,-0.0022744778522286735,0.011353161657112087,0.03670078622576445,0.026337253279700823,0.025730892717962472,-0.011243415313101468,-0.0361865531005523,-0.020714611500629143,0.026071664747953305,0.07916128247166143,0.15088458009797745,-0.011456578687028984,0.048393482850573655,0.026756957566007156,0.23031275933019146,0.13458347779136814
2023-04-30,0.028987205143701678,0.06576488443474782,-0.0010078166961220436,0.02091195675834423,0.034801721572433886,0.13390583787745203,-0.20799193945263272,0.0691807464209997,0.07915357892819408,0.05612900211758398,0.015564355576135336,0.010465835645498966,0.005580118967381864,-0.007540575651994286,-0.011667530112281832,0.0028016563429729135,0.017537861737759064,0.008623522653246951,0.039782962358924534,0.015954207098781703,0.0033835408183773286,0.005879713157918909,0.027751556410733347,0.03013257733733843
2023-05-31,0.046058377845794585,0.07110547386347754,0.36343657204129376,0.14348037288458837,0.14468059124241495,0.10153132595037562,0.2411295460159617,-0.01830148136670884,-0.12906322618972388,-0.04563266638202779,0.004312114159554792,0.004182689197667955,-0.010765472231001105,-0.02641938928074472,-0.019823949715344402,-0.039874538678136284,-0.034139921520961014,-0.013419890078922081,-0.06043475607167115,-0.10177776195384836,-0.030152945154481525,-0.011637442058564318,-0.070011342199917,-0.0014885114001489397
2023-06-30,0.09432993215196084,0.03699869118545496,0.11821032708542623,0.08110796675057008,-0.025799668711851576,0.08408870470385987,0.28362672689273194,0.07169684388551811,0.049618282434925165,0.0674578768067271,0.06604282870186995,0.06841178270300952,-0.003629711045235462,0.0842057022114262,0.08717491187782223,0.05571219889204593,0.04403179782978128,-0.02221370606110007,-0.03331796392260311,0.048160945365394614,0.0021708358450800436,-0.002237141682724708,0.11967798146804087,0.03151246505785199
2023-07-31,0.01278548885666897,-0.013566759836495912,0.10465235805469275,0.025467873963526566,0.10877184323670597,0.1101819519751217,0.021622049507798113,0.09354249416245453,-9.310522241412489e-05,0.012143538613365257,0.03207827034461985,0.03568769507632785,-0.0005139385785311035,0.03535523920341355,0.04952247971888779,0.020694320610539885,0.03853824059105171,0.02288664235862692,0.08616568678796277,0.1513768536172484,-0.0254426467659713,-0.0011863509453058363,-0.04092037651288716,-0.039844325996528096
2023-08-31,-0.04238373044154231,-0.022225562891107664,0.05619632882219916,0.0323907994336623,0.02599459951837546,-0.07128060598173724,-0.034962443852926794,-0.07362613204911161,0.04533248260148959,-0.027912229926964405,-0.01593002491376505,-0.019343286760283407,-0.005658666725706807,-0.035919062008442526,-0.036988827128802804,-0.03285334088694314,-0.04414597801717979,-0.012777635059315506,-0.013221733686558435,0.0258302506074215,-0.03142087514139913,-0.006603880328173273,-0.11285070504336647,-0.11341852341775926
2023-09-30,-0.08867840309965158,-0.03664261250310341,-0.1185779467545317,-0.07890726899285905,-0.03899531391440669,0.014600068252013543,-0.030455617484936637,-0.00895258533028187,0.05746932487371703,-0.03667733590341371,-0.04770170888112679,-0.04785988368974903,-0.024780337025675947,-0.04894216653989414,-0.05622655055910941,-0.07344576088588661,-0.033118017481462925,-0.047605861131121974,-0.09155869999747845,0.07727155929135465,-0.0795112748839304,-0.024792989316717473,0.039968549920561314,0.015509296142236728
2023-10-31,-0.002569870292827847,0.07081554429697867,-0.06250714126873158,0.046963447626806376,-0.05181106502067245,0.0035308997268121978,-0.1973463537763216,-0.03402218771193233,-0.09976193736962846,-0.04757628673918968,-0.021057109594163514,-0.02630301841252447,-0.015571996252382592,-0.047342064439831466,-0.05818711192197368,-0.03580414748156269,-0.035490746826765784,0.07372411557093361,0.031465063168498064,-0.07222364485782018,-0.054631676602741486,-0.015203619581588557,0.28551947543569023,0.08694377376798723
2023-11-30,0.1137800216273055,0.12294522649463313,0.14688578226438231,0.0976782655173829,0.06810106993143683,0.08590293011367156,0.19537943740621855,0.12239314290930126,-0.02050540627546038,0.050954100988973794,0.09128220797575626,0.09375306026643604,0.04517102689193098,0.10008134130296287,0.0919107593727333,0.12000758754051466,0.08477647791554666,0.02531372564947043,0.10247853505439575,-0.0650492864807265,0.09923886774773938,0.04541393283132611,0.08783270039094293,0.12997660282981038
2023-12-31,0.013582569637605957,-0.0075743120456639446,0.05893408121134436,0.04004385139407618,0.05402547488544607,0.08195020561588362,0.03498831153123483,0.08982592295407232,-0.026864017381053262,0.013449040789198285,0.04542738613598929,0.05307736752827008,0.03706976820563068,0.07120430228814612,0.10271308774690557,0.09372629473954919,0.050618518829361525,0.012821182352028115,-0.058365694902876575,-0.04975759757826004,0.08685728332255271,0.035552968816669805,0.12071360157473277,0.11152680953508098
2024-01-31,-0.042227145203983185,0.057281145441291814,0.24241766047755342,0.021455801332457725,0.0029353460623442462,0.10221501077791917,-0.24625725810339172,0.031364881578786585,0.028305539100831112,0.013780550518591728,0.016750350284019166,0.011169714069592107,-0.0022425571463708938,-0.014927013532230027,-0.02632337968726506,-0.0494606177852166,-0.017989152540952347,-0.014228180398366375,-0.03994494085424172,0.06406596467081016,-0.022451200382581527,-0.001631383467559977,0.007510151676246579,0.0004704167168723128
2024-02-29,-0.018543071384629517,0.04231835331155409,0.2858095765006965,0.1389175127740745,-0.011706031770643999,0.2576255066491431,0.07790064669600238,0.06710252629765812,0.026080823266557474,0.02331855751984757,0.053357582878262644,0.054033254594207936,-0.013757299786252508,0.05032246785899597,0.05809039760082446,0.019838655658054982,0.031076222135614673,0.004563548019519192,-0.008608336034878539,0.034404998652054264,-0.02252213641298817,-0.013630693980707376,0.43716858418659976,0.46412031614766525
2024-03-31,-0.05128633250417414,0.017116225817110697,0.14218093444632784,0.020479805886374214,0.09006201518000756,-0.009283284965586724,-0.12923524353897475,0.07653449383442212,0.11213179467458567,-0.019767035628729834,0.03214357729652728,0.032102646541469326,0.008322227245240121,0.04254520431271169,0.04357352268299319,0.01926353920129742,0.03039736597420073,0.08668323846462611,0.09744334309549907,0.07320069113827521,0.007828855788785116,0.0084979379555159,0.16561329171152273,0.09154521864078191
2024-04-30,-0.00670625927109858,-0.07461028894915744,-0.04376012390865813,-0.029825949313549094,0.07851336548876442,-0.11411084193054766,0.042607689739043275,-0.037152008880080745,0.017463840352098137,-0.08597264926619386,-0.040880313583025796,-0.04415485514164319,-0.02429707436854678,-0.04755903708648013,-0.06536425266075052,-0.0800098748176854,-0.022558658858142344,0.02989497307015121,0.057142823607057025,-0.004445650814071778,-0.06455443699012531,-0.024083723287062098,-0.14995437921729393,-0.17423097361598006
2024-05-31,0.13022223499860885,0.06819105762233146,0.2688710584869227,0.00822858537946436,0.05971237851357358,0.08522182543018486,-0.02837187354253501,0.056795487121150456,-0.00048670144853002473,0.02258534098947984,0.04954733924786536,0.047268907087750556,0.017134852352233665,0.027443194442027474,0.039558447779282524,0.045744700406897376,0.040151692991589716,0.016189210429127243,0.15426200039558657,-0.04541972037946851,0.028869510210860483,0.0168048534392633,0.11304277803921714,0.2482299261480101
2024-06-30,0.09555258977291281,0.07665067269241543,0.1269430831087548,0.09527316552932019,0.057153980141434024,0.08116595945038863,0.11118599982126098,-0.0018259411361382094,-0.018250047030689998,-0.0034771620813400794,0.03583009699680928,0.031394268379805856,0.009444456154433345,-0.006186629290846568,-0.013365191459605241,0.01980850785931554,-0.008626546614587394,-0.0013469974027457976,-0.04286745404344505,0.06375296261056218,0.018171526546593153,0.008807021153933503,-0.07131456883230869,-0.08700402549978836
2024-07-31,0.05441081711390705,-0.06398920546942999,-0.05277651321929078,-0.032445041513381345,-0.058248729005205946,-0.058288140835623725,0.17278149180183244,0.05794106465808224,0.030142375783639652,0.07998088858205943,0.012148645852424478,0.018272644136916316,0.023236102123768365,0.04025210486461561,0.06778210039366983,0.0775962574301634,0.027812030247945874,0.053671963349382734,-0.006774569335461611,-0.02324410804427135,0.03629963679518933,0.023541541839487534,0.030966973402063003,-0.05872415229689487
2024-08-31,0.03235345701381975,-0.001095180930351547,0.020082119137390997,-0.0453524222981363,-0.04756891888405368,0.09788767187274461,-0.07739046902676983,0.056390937176389544,0.0025257093313475476,0.05871950070144427,0.024221283580282416,0.021714440457271555,0.013444059138334463,0.02526224119767284,0.0012534568767013088,0.05287426847459509,0.024654373315531775,0.02092249026936499,-0.0015156881054874116,-0.04373554951515457,0.021111927286760368,0.014517058125012472,-0.08742521094720224,-0.22217151640522492
2024-09-30,0.017467232799789567,0.03154822887694486,0.01742811422432733,0.043865556476496925,0.01646501953452173,0.0991275019126705,0.22194201175563166,-0.06201078245726721,-0.006104721463319862,-0.022910893880272343,0.021301263853493957,0.020459075292314388,0.013203334338052208,0.025387229464370442,0.019760403266401827,0.03294518183222417,0.0256988682380479,0.050888514912532656,0.07817834672181068,-0.05945652928008649,0.0199946021609263,0.013165069711790878,0.07392927032290175,0.035676440896093675
2024-10-31,-0.030429256341167,-0.055658845402555834,0.09321475764522513,0.00037563497419568215,0.03171547909629013,-0.008489959501166155,-0.045025412068364634,0.0589015150519947,-0.0037536080993728627,-0.013575180790660446,-0.009083977596807347,-0.007543924874592989,-0.024309795462778006,-0.004315213985679911,-0.007123965529026499,-0.034180581335034654,-0.04740019066256107,0.04299348742370923,0.04927840992782695,0.045194561568407954,-0.054548927841998274,-0.02455631046834672,0.10872796248193972,-0.03352336701479863
2024-11-30,0.051707036766271086,0.044192500939114865,0.041352812445420106,0.1152897328156477,-0.012623634656423133,0.01187484500959246,0.3814688622385134,0.12527031724052073,0.018404655785368096,-0.02255868233130509,0.058666122310273794,0.06629141935851757,0.011481202355456466,0.08277488143740075,0.10496951787082498,0.04191357443823751,-0.0024124948693335924,-0.031241364603207922,-0.06340152376747754,-0.020114958728400856,0.019872297142014217,0.01068356826049821,0.3736209803256596,0.4729733401625702
2024-12-31,0.05515523923865007,-0.004628624401147974,-0.02857688306006967,0.05531771626226978,0.12173404830490986,0.02030647225020621,0.17000808915631316,-0.040084890319449396,-0.08808087345207394,-0.06702794251148991,-0.023852917947406738,-0.0302204761483732,-0.01745512409965344,-0.06832827269584618,-0.07334948580775924,-0.08224359298358075,-0.02574136241070557,-0.014088486936242095,-0.05694842937833344,0.055020282192773884,-0.06381019422917811,-0.016809874672486402,-0.03131032825862812,-0.10070244434768516
2025-01-31,-0.057583336136236674,-0.015278797258553745,-0.10589027190093325,0.08336748865953902,0.07776012614591421,0.17705921988658524,0.0018819576379678349,0.12085656720623139,-0.006879165135417864,0.052067518758854625,0.02780241234973624,0.030915390832624734,0.0064419371513637635,0.044360196141927766,0.038902455999132446,0.01662578680878113,0.03344895839384332,0.06785607873643396,0.08279530237343558,0.03269349426255408,0.004923650721604167,0.005979722670135246,0.09607082167329573,-0.010282453177827167
2025-02-28,0.02587257633935791,-0.04161801349557115,0.0403931058066469,-0.10686635257151178,-0.16537594810898149,-0.030441999988796375,-0.2758773935575025,-0.009914164060156994,0.05144457041801931,0.09326923786289187,-0.01308580303906759,-0.019120818679441154,0.02094439070023668,-0.018747975432298225,-0.048395272688065205,0.03613426172391021,0.01832054372667047,0.018216241876358952,-0.0070151091313160885,-0.03588817665774813,0.056971241773565495,0.021565751972080438,-0.17608526437187266,-0.3214901832713606
2025-03-31,-0.08150021586838241,-0.05440940078093004,-0.13232496449965547,-0.1037309421475675,-0.0908027149520868,-0.13667649788518754,-0.11543452131892018,-0.07311540855337095,0.06826542606135932,0.004969207148951993,-0.05637942848034705,-0.05885455235342496,0.00022413831925249816,-0.03962404970933375,-0.06307504728621338,-0.025490084585866102,0.0025881026319416467,0.09446585889998316,0.09466620825619887,0.028051057911586685,-0.0120469657893445,0.0001224370052907986,-0.021619399346929025,-0.18518446597705107
2025-04-30,-0.04335306356502355,0.05293166193248733,0.004982454875415376,-0.030694820280155133,0.026901119940178964,-0.0474703183037003,0.08874826236685496,0.0033703695621740692,-0.11183048188330935,-0.05746517693312636,-0.006818138439625643,-0.006729061106684697,0.00425561790389839,-0.00936677795508567,-0.024849426702065247,-0.023375441925115314,0.03089385663426425,0.05424437277239913,-0.044853159080816773,-0.17806802187652127,-0.013604613664873866,0.0039612111386204685,0.14123018539860022,-0.016290055367711775
2025-05-31,-0.05358393736029188,0.16683981045131824,0.24063549928333217,0.1116473080052216,0.08148629540297092,0.17939883405997348,0.2278848417863253,0.07922497000906481,-0.02260521823012651,0.0014754794480411615,0.06291341471463463,0.063454979906719,-0.007021083619924706,0.05490426226153433,0.05540538542828122,0.010611144749365975,0.04655232753623961,-0.0005595776946504261,0.01351350045186761,0.05648206537164224,-0.03210595962497009,-0.006742706348169869,0.11072156686350643,0.4099242388772808
2025-06-30,0.021508466222438072,0.08048059364909244,0.16925162252476178,0.07014294555445688,0.02738630748818105,0.14080217423639185,-0.08312644606383923,0.09814391751226359,0.05376341127165962,-0.015849482168894258,0.05083370218643912,0.050773835891588126,0.015818787165156056,0.040118078189085304,0.04241498930975229,0.006077420240474085,0.038769284824480055,0.004051318985581975,0.09366671244303393,0.08875649961341758,0.02664008472646784,0.015165948292075404,0.023865516830480216,-0.01685313320350279
2025-07-31,0.01169767583943182,0.07255571507427194,0.12583062355243713,0.06709513314943583,0.08891785209165959,0.04789376862794703,-0.02955995259140498,0.026757077071267732,0.03562152093207471,0.07849419979956762,0.022372301909938663,0.022768934734890944,-0.002881400461084982,0.020155774486039446,0.01857404133597096,0.0010301167700135228,-0.009164433371780856,-0.0061345510598058706,0.015543989642998524,0.08863350668091186,-0.011396570881122559,-0.002656653237694151,0.08048574368152783,0.4867326593849237
2025-08-31,0.11963895984061979,-0.048691656751488455,-0.020745518363826654,-0.021827348669553603,0.1094842212027296,-0.04491617460361408,0.08304410748975077,0.017486003431689934,0.033263200038046836,0.08334606091075591,0.020259894288703784,0.02279014919928235,0.011646530679038536,0.015432873285724513,0.04597694257029672,0.03443351015109197,0.04162138659732628,0.049874624687468394,0.08613442251413272,-0.05968086717625154,0.00012714617228537506,0.011541070447663948,-0.06497588926270748,0.1875483061198815
2025-09-30,0.09688121209766343,0.022222676492286153,0.07125115097366086,-0.04117900731782209,0.14281819083602798,-0.00517710706791763,0.33201547825406585,0.04647985631500573,-0.013474443229769317,0.04656546782210458,0.036483831017720236,0.03468718468703558,0.010419360786928067,0.01609432917217002,0.00963538390539842,0.0015860088817458706,0.03631330575012881,0.11758415768627128,0.1707654197205415,-0.014564355842155097,0.03590967394704525,0.01105254753337448,0.053765260876786236,-0.05559463889533689
2025-10-31,0.061815166304167946,-0.00027038377100996325,0.08527179462348733,0.11226484981660545,0.1566843836163343,-0.11714650516363101,0.026623485126352042,-0.008868559313091606,0.014279376957383905,0.018606438259735736,0.023376461134501092,0.021782728231394932,0.006353315802825277,-0.0097320309950647,0.0028734323248487126,-0.025530235174337168,0.015193652486515052,0.035586670754335525,0.03870661862146729,-0.016135626324152552,0.013810915935141388,0.006029658570649188,-0.039453588451788923,-0.07208882287327845
2025-11-30,0.03236424005075422,-0.048046756730589224,-0.1258828143464189,-0.04504135592915348,0.13866080793276514,-0.0006168887195739936,-0.05780178787448975,0.006299886356039952,0.0225070230499389,0.10252438770214112,0.0024060782925980906,0.002879237604285434,0.006330420068503928,0.004469662434073873,0.014489120389141297,0.024299553763869053,0.002743806311384933,0.05367817567023114,0.16359920557907937,-0.020534701128763544,0.0027233059265592274,0.005972691780594008,-0.1749043673304268,-0.22223808754114904
2025-12-31,-0.025067328015739188,-0.017052532502935924,0.0537310630129606,-0.010290686407351424,-0.021785505503499225,0.019566839474451037,0.045447119005781245,0.02919376431523979,0.03812972462417674,0.00014500704277553567,0.0005897011915609873,-0.00031183994191485986,-0.0027421336558394183,-0.0029171653047024293,0.0007102707418868981,-0.022226190712410165,0.0266754036840553,0.02173350667644791,0.2579574169232519,-0.02687485635171516,-0.026586010911893054,-0.0030013883293770194,-0.031921083253993454,-0.008380350258447189
2026-01-31,-0.045538079860853675,-0.11027253387667912,0.02482571515839349,0.036738564502459825,0.07987223159262968,0.08545806027820779,-0.04293782243658151,-0.04639747673767136,0.17500408136799028,0.09809126944006041,0.014465618453106455,0.015808820564071846,0.0023655099267920754,0.020898247196765363,0.04612398582970223,0.026397597840181364,0.05748834827405225,0.12273224230545976,0.17106495786541798,0.14979746142831618,-0.00034434111447123605,0.002160037500897438,-0.10156359224471101,-0.17591479164050716
2026-02-28,0.019065788377024218,-0.08518347861481179,-0.07293461878268304,-0.12244046250772744,-0.07763309270420937,-0.09535246285859755,-0.06482189925675397,-0.018274596364674878,0.08568940599419994,0.09901290651513017,-0.007628954723928438,-0.005247825631739866,0.015384473160152012,0.033526900446177565,0.027459724343642522,0.053613144670958235,0.05296312658310276,0.08720077925273872,0.12659060330466843,0.030558355228347045,0.046337564843921264,0.016016718240398742,-0.14786431722631777,-0.19632852246249066
2026-03-31,-0.039329243991613416,-0.05746798739077108,-0.015692625780075575,-0.008238074893043179,-0.07697457213873138,-0.11657274885643698,-0.07642048401115797,-0.02044621075906372,0.11252461417776649,-0.016060823378851175,-0.04989087700162298,-0.04969629546646159,-0.016884432623632595,-0.0582519558112401,-0.05196225442633606,-0.0631785433696831,-0.08624367031740543,-0.11051161024305556,-0.19825860569063614,0.5527761408016683,-0.04230048498307215,-0.017373394752479676,0.01847059111628857,0.07107080057553583
2026-04-30,0.06919111581198156,0.10160192340621577,0.14432347654022348,0.27267485533749536,0.338155484281367,0.06952959628444377,0.026577013807162153,0.07027821608357754,-0.0903571938002874,-0.05968743328493431,0.10490151423360139,0.10350123926998855,-0.002066162926976145,0.07699005896953937,0.0862426253290427,0.08560740152624313,0.08155341136240901,-0.015408224107347213,-0.021719925752800906,0.15591352721328589,-0.008396584713689315,0.0014988993191487054,0.1182854461667826,0.072001888437208
2026-05-31,0.032393618379240596,0.016332345093055922,-0.005612117727474941,0.012072784412985094,0.0023129279539280123,-0.005164114466532643,0.024080922159745333,-0.002426363180308977,-0.01023781385543121,-0.011572780471936994,0.0029444349647365087,0.0030742389678686255,0.0010352203974945962,-0.0016703226962135886,0.0012474183333435196,-0.0021986299631183703,-0.002693059759507954,-0.0011330099187530918,0.024452402698328823,-0.029165771928350348,0.003575409461164636,0.00139230351612607,0.024568460603834108,0.017215516135995923
