Ticker,Title,Publisher,Link,Published Date
AAPL,,,,
AAPL,,,,
AAPL,,,,
AAPL,,,,
AAPL,,,,
MSFT,,,,
MSFT,,,,
MSFT,,,,
MSFT,,,,
MSFT,,,,
NVDA,,,,
NVDA,,,,
NVDA,,,,
NVDA,,,,
NVDA,,,,
AMZN,,,,
AMZN,,,,
AMZN,,,,
AMZN,,,,
AMZN,,,,
GOOGL,,,,
GOOGL,,,,
GOOGL,,,,
GOOGL,,,,
GOOGL,,,,
META,,,,
META,,,,
META,,,,
META,,,,
META,,,,
TSLA,,,,
TSLA,,,,
TSLA,,,,
TSLA,,,,
TSLA,,,,
JPM,,,,
JPM,,,,
JPM,,,,
JPM,,,,
JPM,,,,
XOM,,,,
XOM,,,,
XOM,,,,
XOM,,,,
XOM,,,,
JNJ,,,,
JNJ,,,,
JNJ,,,,
JNJ,,,,
JNJ,,,,
VFIAX,,,,
VFIAX,,,,
VFIAX,,,,
VFIAX,,,,
VFIAX,,,,
VTSAX,,,,
VTSAX,,,,
VTSAX,,,,
VTSAX,,,,
VTSAX,,,,
VBTLX,,,,
VBTLX,,,,
VBTLX,,,,
VBTLX,,,,
VBTLX,,,,
VIMAX,,,,
VIMAX,,,,
VIMAX,,,,
VIMAX,,,,
VIMAX,,,,
VSMAX,,,,
VSMAX,,,,
VSMAX,,,,
VSMAX,,,,
VSMAX,,,,
VGSLX,,,,
VGSLX,,,,
VGSLX,,,,
VGSLX,,,,
VGSLX,,,,
VTIAX,,,,
VTIAX,,,,
VTIAX,,,,
VTIAX,,,,
VTIAX,,,,
GLD,,,,
GLD,,,,
GLD,,,,
GLD,,,,
GLD,,,,
SLV,,,,
SLV,,,,
SLV,,,,
SLV,,,,
SLV,,,,
USO,,,,
USO,,,,
USO,,,,
USO,,,,
USO,,,,
TLT,,,,
TLT,,,,
TLT,,,,
TLT,,,,
TLT,,,,
BND,,,,
BND,,,,
BND,,,,
BND,,,,
BND,,,,
BTC-USD,,,,
BTC-USD,,,,
BTC-USD,,,,
BTC-USD,,,,
BTC-USD,,,,
ETH-USD,,,,
ETH-USD,,,,
ETH-USD,,,,
ETH-USD,,,,
ETH-USD,,,,
